"study_site","decade","bioregion","year","minyear","maxyear","area_start_X50.","max_area","lat","long","IRtrend_X50.","growth","loss","restore_area","zscore"
"R1_Angle",2000,"Temperate Northern Atlantic East",1996,1996,2016,11.7780904803744,40.68,-375257.232497839,6048286.87755785,0.0805199375588424,0.0805199375588424,0,28.9019095196256,0.340799293566484
"R1_Carew",2000,"Temperate Northern Atlantic East",2008,2008,2016,3.54172330883162,8.07,-374333.625863917,6046451.38568936,0.0750373378473826,0.0750373378473826,0,4.52827669116838,0.316045877895485
"R1_Cosheston",2000,"Temperate Northern Atlantic East",2008,2008,2014,0.27274339504916,1.77,-374118.658511182,6045983.61724968,0.254248677787133,0.254248677787133,0,1.49725660495084,1.12516801409904
"R1_Garron.pill",2000,"Temperate Northern Atlantic East",2008,2008,2016,4.86345746479747,5.59,-375074.176542602,6048062.82217525,0.0181999750961536,0.0181999750961536,0,0.72654253520253,0.0594305968484715
"R1_Hobbs.point",2000,"Temperate Northern Atlantic East",2008,2008,2016,1.95526366118944,3.49,-374509.260978404,6046833.56727373,0.0182535183610664,0.0182535183610664,0,1.53473633881056,0.0596723395914259
"R1_Pembroke.river",2000,"Temperate Northern Atlantic East",2007,2007,2014,90.9603780906788,99.36,-374100.303007876,6045943.67571888,0.0181788521568628,0.0181788521568628,0,8.3996219093212,0.0593352287887962
"R1_Pwllcrochan.flats",2000,"Temperate Northern Atlantic East",2008,2008,2016,0.126711498676365,3.85,-375005.371919141,6047913.10348099,0.494672999632638,0.494672999632638,0,3.72328850132364,2.21066093520731
"R1_Sprinkle.Pill",2000,"Temperate Northern Atlantic East",2008,2008,2016,0.360586691264012,0.87,-376348.021269011,6050834.70521928,0.0182824690487003,0.0182824690487003,0,0.509413308735988,0.0598030491895505
"T1_Faza",2000,"Tropical Indo Pacific",1986,1986,2016,7241.84224921505,8909.786,4115412.08640419,-262555.755376376,-0.00155311823082976,0,-0.00155311823082976,1667.94375078495,-0.0297527387302383
"T1_Gazi",2000,"Tropical Indo Pacific",1986,1986,2016,1078.58185861973,1114.1959,3953635.51261762,-547691.752149766,-0.00155824215956714,0,-0.00155824215956714,35.61404138027,-0.0297758727806122
"T1_Vanga",2000,"Tropical Indo Pacific",1986,1986,2016,4762.92035173324,4909.5152,3928776.04679441,-575733.93269848,-0.00157515173856561,0,-0.00157515173856561,146.59484826676,-0.0298522179197431
"T1_Watamu",2000,"Tropical Indo Pacific",1986,1986,2016,705.357787634708,1023.0403,4015478.63818321,-409907.796909495,-0.055795404011857,0,-0.055795404011857,317.682512365292,-0.274651494347286
"W1_Chincoteague.Bay",2000,"Temperate Northern Atlantic West",1986,1986,2003,5752.47224992221,6900,-6508628.58509817,4567164.6763098,0.0186396762242325,0.0186396762242325,0,1147.52775007779,0.0614158055755639
"W1_Sinepuxent.Bay",2000,"Temperate Northern Atlantic West",1986,1986,2003,590.97848799132,743,-6482845.95165772,4591565.86829849,0.0578633573950765,0.0578633573950765,0,152.02151200868,0.23850699137547
"W1_Southern.Delmarva.Coastal.Bays",2000,"Temperate Northern Atlantic West",2001,2001,2003,29.4046531629509,158,-6594081.3096124,4482735.9892701,0.803975138396326,0.664637705380747,0,128.595346837049,3.60713064149342
"W10_Mondego.Estuary..South.Arm.",2000,"Temperate Northern Atlantic East",1986,1986,2002,0.497142191707435,15,-761485.642122168,4806303.06674427,0.338925763707897,0.338925763707897,0,14.5028578082926,1.50747699449467
"W12_Northern.Great.Sandy.Strait",2000,"Southern Ocean",1998,1998,2002,1097.08742645315,3712,14405649.1363247,-3105582.58071003,0.3014643241774,0.3014643241774,0,2614.91257354685,1.33834216190893
"W12_Urangan",2000,"Southern Ocean",1998,1998,2002,33.2282283433163,92.26,14401941.0174191,-3087303.69923801,0.176010864011916,0.176010864011916,0,59.0317716566837,0.771931734324659
"W12_Wanggoolba.Creek",2000,"Southern Ocean",1998,1998,2002,17.7732991420757,134.7,14397707.9844818,-3105270.41024348,0.466409039687384,0.466409039687384,0,116.926700857924,2.08305184721007
"W2_Sarasota.Bay",2000,"Tropical Atlantic",1950,1987,2001,4242.91335986167,4886,-7694085.49250957,3330284.73978694,0.00829658099979669,0.00829658099979669,0,643.08664013833,0.0147177154560109
"W2_Tampa.Bay",2000,"Tropical Atlantic",1879,1982,2006,11445.3375888881,30970,-7694073.09196091,3382288.38544487,0.00958040112658031,0.00958040112658031,0,19524.6624111119,0.0205140410893861
"W2_Upper.Charlotte.Harbor",2000,"Tropical Atlantic",1982,1982,2002,8230.01979159552,7781,-7686334.17129718,3264948.56469538,0.0085416278311973,0.0085416278311973,0,0,0.0158240785676278
"W26.346_Wallis.Lake",2000,"Southern Ocean",1988,1988,2002,2254.51054892984,2374,13777482.3954265,-3912331.18595738,-0.00484921086369146,0,-0.00484921086369146,119.48945107016,-0.0446342831298419
"W27_Esperance.Bay",2000,"Southern Ocean",1956,1956,2001,478.883701555212,585,10886728.7589774,-4103966.76610093,-0.00485351565337305,0,-0.00485351565337305,106.116298444788,-0.0446537188453734
"W28_Warnbro.Sound",2000,"Southern Ocean",1953,1953,2002,237.123970271824,273,10448087.8907936,-3915667.62269629,-0.00484164986168086,0,-0.00484164986168086,35.876029728176,-0.0446001459256856
"W31_Eel.Pond..Waquoit.Bay",2000,"Temperate Northern Atlantic West",1987,1987,2000,0.073448547575344,14.3,-5901424.40036608,4957735.7812934,-0.462895443419633,0,-0.462895443419633,14.2265514524247,-2.11266941020524
"W34_Puget.Sound",2000,"Temperate North Pacific",2000,2000,2004,21253.0957206313,20990,-9586740.43085689,5632508.00091079,-0.0182302928278111,0,-0.0182302928278111,0,-0.105048594116877
"W35.321_Melbourne.Palm.Bay..MP.",2000,"Tropical Atlantic",1943,1986,2005,186.752473661938,243.5897436,-7468512.13637942,3419556.18784695,0.0435336156197206,0.0435336156197206,0,56.837269938062,0.173809571667436
"W35.321_North.Vero..NV.",2000,"Tropical Atlantic",1943,1986,2005,253.417661967505,412.5786164,-7472213.26711054,3368680.14814165,0.00937928354392354,0.00937928354392354,0,159.160954432495,0.0196060143531201
"W35.321_South.Vero..SV.",2000,"Tropical Atlantic",1943,1986,2005,179.395690270696,305.5467512,-7472480.48615961,3360981.53328948,0.0573823613838849,0.0573823613838849,0,126.151060929304,0.23633534018302
"W39_BIGMH...Big.Annenessex",2000,"Temperate Northern Atlantic West",1984,1984,2005,70.2873039840271,112,-6649179.50424005,4447578.15083109,0.0795251877015646,0.0795251877015646,0,41.7126960159729,0.336308092676075
"W39_CB5MH...Chesapeake.Bay",2000,"Temperate Northern Atlantic West",1984,1984,2005,745.396998909807,1120,-6605533.14704504,4543564.01991652,-0.00253312939925097,0,-0.00253312939925097,374.603001090193,-0.0341773958438054
"W39_CB6PH...Chesapeake.Bay",2000,"Temperate Northern Atlantic West",1984,1984,2005,339.609654368234,512,-6611697.01309694,4506595.64619448,-0.00647270024099374,0,-0.00647270024099374,172.390345631766,-0.0519641830876695
"W39_CB7PH...Chesapeake.Bay",2000,"Temperate Northern Atlantic West",1984,1984,2005,3668.00389298547,4470,-6586349.8656121,4528858.44919938,-0.00643709566198941,0,-0.00643709566198941,801.99610701453,-0.0518034318035583
"W39_CB8PH...Chesapeake.Bay",2000,"Temperate Northern Atlantic West",1984,1984,2005,4.16306765473002,4,-6639661.95532328,4450873.26684064,-0.106307250397465,0,-0.106307250397465,0,-0.50270767128815
"W39_East.River",2000,"Temperate Northern Atlantic West",1937,1953,2006,262.484433046904,488.71,-6649179.50424005,4447578.15083109,-0.00642454983367919,0,-0.00642454983367919,226.225566953096,-0.0517467885832899
"W39_Fleets.Bay",2000,"Temperate Northern Atlantic West",1937,1953,2006,284.048809040652,543.09,-6648293.1933393,4449532.22500815,-0.00703631262705322,0,-0.00703631262705322,259.041190959348,-0.0545088393463223
"W39_Jenkins.Neck",2000,"Temperate Northern Atlantic West",1937,1951,2006,246.995107508429,364.16,-6632506.89249681,4484336.71945975,-0.00759730207242015,0,-0.00759730207242015,117.164892491571,-0.0570416532774917
"W39_JMSPH...James",2000,"Temperate Northern Atlantic West",1984,1984,2005,100.20562390386,114,-6564208.79093827,4562397.50746794,-1.18007545856621,0,-0.462895443419633,13.79437609614,-5.35066889223013
"W39_LYNPH...Lynnhaven",2000,"Temperate Northern Atlantic West",1984,1984,2005,12.5808064671859,43,-6552653.6301789,4558068.90635699,-0.203974804029871,0,-0.203974804029871,30.4191935328141,-0.943667376513252
"W39_MOBPH...Mobjack",2000,"Temperate Northern Atlantic West",1984,1984,2005,3804.08634807623,4442,-6556672.2073979,4554302.30061124,-0.00645663768073705,0,-0.00645663768073705,637.91365192377,-0.0518916621575088
"W39_Mumfort.Islands",2000,"Temperate Northern Atlantic West",1937,1953,2000,0.130162628834542,241.92,-6642209.90783733,4462944.21294715,-0.187456057293939,0,-0.187456057293939,241.789837371165,-0.869086807834527
"W39_PIAMH...Piankatank",2000,"Temperate Northern Atlantic West",1984,1984,2005,145.28619290984,435,-6567488.95115593,4541647.33715811,0.101716289333086,0.101716289333086,0,289.71380709016,0.436498803614586
"W39_POCMH...Pocomoke",2000,"Temperate Northern Atlantic West",1984,1984,2005,601.000116557752,776,-6554874.44235908,4568555.0336784,-0.0064234666630323,0,-0.0064234666630323,174.999883442248,-0.0517418981709534
"W39_RPPMH...Rappahannock",2000,"Temperate Northern Atlantic West",1984,1984,2005,10.1719420122441,122,-6616738.9480619,4519050.86586033,-0.0468117975836797,0,-0.0468117975836797,111.828057987756,-0.234091366698988
"W39_TANMH...Tangier",2000,"Temperate Northern Atlantic West",1984,1984,2005,4505.63141578859,5996,-6620524.15196449,4510755.3992083,-0.00646206584023757,0,-0.00646206584023757,1490.36858421141,-0.0519161697808109
"W39_Vaucluse.Shores",2000,"Temperate Northern Atlantic West",1938,1955,2006,327.856385054308,405.18,-6636744.1183141,4474994.79040877,-0.00644839795600158,0,-0.00644839795600158,77.323614945692,-0.0518544605848743
"W39_YRKPH...York",2000,"Temperate Northern Atlantic West",1984,1984,2005,289.220624318128,373,-6637816.87267649,4472629.65917085,-0.0077222544798413,0,-0.0077222544798413,83.779375681872,-0.0576058014996431
"W4.350_Maquoit.Bay",2000,"Temperate Northern Atlantic West",1993,1993,2001,513.334592265725,570.1,-5722188.06536726,5203557.94900641,-0.00644438024962905,0,-0.00644438024962905,56.7654077342751,-0.0518363210231486
"W40_Bass.River",2000,"Temperate Northern Atlantic West",1994,1994,2000,0,5.86,-5868303.64704337,4966789.07367471,-0.253164973833333,0,-0.253164973833333,5.86,-1.16575630952929
"W40_Beverly.Harbor.Danvers.River",2000,"Temperate Northern Atlantic West",1995,1995,2001,0,4.11,-5870867.02403217,5069316.62217188,-0.0906303183333333,0,-0.0906303183333333,4.11,-0.431927815699141
"W40_Boston.Harbor.North",2000,"Temperate Northern Atlantic West",1995,1995,2001,0,11.1,-5882219.95625153,5048687.27571261,0.399649212166667,0.399649212166667,0,11.1,1.78163758249722
"W40_Boston.Harbor.South",2000,"Temperate Northern Atlantic West",1995,1995,2001,0,73.06,-5882235.16830167,5048417.99776535,-0.242171603666667,0,-0.242171603666667,73.06,-1.11612228996155
"W40_Bournes.Pond",2000,"Temperate Northern Atlantic West",1994,1994,2000,0,18.91,-5903563.21992043,4957151.15211581,-0.0797421361666667,0,-0.0797421361666667,18.91,-0.38276870993592
"W40_Buttermilk.and.Little.Buttermilk.Bays",2000,"Temperate Northern Atlantic West",1996,1996,2002,0,38.22,-5885527.48224014,4990138.70398083,-0.399649212166667,0,-0.399649212166667,38.22,-1.8271186980939
"W40_Cohasset.Harbor",2000,"Temperate Northern Atlantic West",1995,1995,2001,0,47,-5882763.74291786,5039061.37020198,0.00472137966666667,0.00472137966666667,0,47,-0.00142397814994332
"W40_Duxbury.Plymout.h.Harbors",2000,"Temperate Northern Atlantic West",1995,1995,2000,0,906.03,-5884333.14582769,5011280.39458497,-0.0247447496000001,0,-0.0247447496000001,906.03,-0.134460746168702
"W40_Herring.River",2000,"Temperate Northern Atlantic West",1994,1994,2000,0,3.4,-5846873.29138492,5005303.34160336,-0.124535733666667,0,-0.124535733666667,3.4,-0.585007537621865
"W40_Hyannis.Harbor",2000,"Temperate Northern Atlantic West",1994,1994,2000,0,68.35,-5874388.80342495,4965125.74496441,-0.0377910298333333,0,-0.0377910298333333,68.35,-0.193363459219415
"W40_Lewis.Bay",2000,"Temperate Northern Atlantic West",1995,1995,2001,0,0.48,-5873867.32323236,4965268.28739418,0.172681988666667,0.172681988666667,0,0.48,0.756902179100036
"W40_Little.Pond",2000,"Temperate Northern Atlantic West",1994,1994,2000,0,5.96,-5884700.53475925,5004777.0149329,-0.138340839333333,0,-0.138340839333333,5.96,-0.647336275252441
"W40_Lower.Pleasant.Bay",2000,"Temperate Northern Atlantic West",1994,1994,2000,0,513.06,-5842824.80503809,4982593.88639173,-0.0136815281666668,0,-0.0136815281666668,513.06,-0.0845113547828614
"W40_Lynn.Harbor",2000,"Temperate Northern Atlantic West",1996,1996,2001,0,288.7,-5878713.98672852,5055057.95234208,-0.01963445,0,-0.01963445,288.7,-0.111388230052354
"W40_Marblehead.Harbor",2000,"Temperate Northern Atlantic West",1996,1996,2001,0,10.21,-5873045.73333445,5065357.70229442,-0.1310122578,0,-0.1310122578,10.21,-0.614248427421016
"W40_Morris.Island",2000,"Temperate Northern Atlantic West",1994,1994,2000,0,68.57,-5849493.25888211,4973422.25012147,-0.0213212158333334,0,-0.0213212158333334,68.57,-0.119003817184289
"W40_New.Bedford.Harbor.Outer..Cla.rks.Cove",2000,"Temperate Northern Atlantic West",1996,1996,2002,0,54.58,-5933507.95189808,4954525.09162355,-0.0179875285,0,-0.0179875285,54.58,-0.103952536291638
"W40_Ryders.Cove.Crow.Pond.Bassing.Harbor",2000,"Temperate Northern Atlantic West",1994,1994,2000,0,59.29,-5845141.68351134,4979407.30564362,-0.0432377321666667,0,-0.0432377321666667,59.29,-0.217954801646146
"W40_Salem.Harbor",2000,"Temperate Northern Atlantic West",1996,1996,2001,0,41.87,-5871322.03690108,5068489.82096011,-0.318964629,0,-0.318964629,41.87,-1.46283548748649
"W40_Stage.Harbor.System",2000,"Temperate Northern Atlantic West",1994,1994,2000,0,104.59,-5848933.36490656,4974192.31526906,-0.0734646816666666,0,-0.0734646816666666,104.59,-0.354426600576834
"W40_Three.Bays",2000,"Temperate Northern Atlantic West",1994,1994,2000,0,4.35,-5886337.01090493,4961859.79824228,-0.399649212166667,0,-0.399649212166667,4.35,-1.8271186980939
"W40_Upper.Pleasant.Bay",2000,"Temperate Northern Atlantic West",1994,1994,2000,0,120.82,-5841421.11404778,4984524.49032183,-0.0710494288333334,0,-0.0710494288333334,120.82,-0.343521964002858
"W40_Wareham.River.Marks.Cove",2000,"Temperate Northern Atlantic West",1996,1996,2002,0,4.39,-5885527.48224014,4990138.70398083,-0.226477554,0,-0.226477554,4.39,-1.04526515002695
"W40_West.Falmouth.Harbor",2000,"Temperate Northern Atlantic West",1996,1996,2002,0,21.92,-5906449.6537552,4956362.16856851,-0.011297663,0,-0.011297663,21.92,-0.0737484305353045
"W40_Westport.River...East.and.West.Branch",2000,"Temperate Northern Atlantic West",1996,1996,2002,0,273.05,-5947920.09196332,4955319.44691494,-0.0571163516666666,0,-0.0571163516666666,273.05,-0.280615447234597
"W40_Weweantic.River",2000,"Temperate Northern Atlantic West",1996,1996,2002,0,20.63,-5885527.48224014,4990138.70398083,-0.132713144833333,0,-0.132713144833333,20.63,-0.621927770426397
"W40_Wild.Harbor",2000,"Temperate Northern Atlantic West",1996,1996,2002,0,8.06,-5904286.73966582,4956953.38379409,-0.0197541069999999,0,-0.0197541069999999,8.06,-0.111928470014201
"W41_Mobile.Bay",2000,"Tropical Atlantic",1981,1981,2003,0,1105,-8045213.98475967,3681802.85151921,-0.0741777622272727,0,-0.0741777622272727,1105,-0.357646091411939
"W42.340_Inside.Cartagena.Bay",2000,"Tropical Atlantic",1940,1954,2001,103.144458415893,846,-7494609.22433591,1276231.67355482,0.0082566452766745,0.0082566452766745,0,742.855541584107,0.0145374094685979
"W42.340_Outside.Cartagena.Bay",2000,"Tropical Atlantic",1940,1954,2001,34.9693992514062,165,-7497924.88058208,1280944.55581198,-0.000274532610604191,0,-0.000274532610604191,130.030600748594,-0.0239800463955687
"W49_Medes.Islands",2000,"Mediterranean",1984,1984,2001,10.4373482492282,9,268320.459373033,5016672.4331437,0.0117785103769155,0.0117785103769155,0,0,0.0304382950614726
"W54_Caloosahatchee.River..Lower.Charlotte.Harbor",2000,"Tropical Atlantic",1982,1982,2002,3.79716603491534,242,-7682374.26556287,3235748.39251921,1.16224614854321,0.664637705380747,0,238.202833965085,5.22469013949902
"W54_East.Wall..Upper.Charlotte.Harbor",2000,"Tropical Atlantic",1982,1982,2003,1536.57791606686,1548,-7686681.94838627,3267879.99072758,0.00886206628928995,0.00886206628928995,0,11.4220839331399,0.0172708276953385
"W54_Estero.Bay",2000,"Tropical Atlantic",1999,1999,2002,0,1008,-7680334.73791591,3221196.22536692,-0.0101017830000002,0,-0.0101017830000002,1008,-0.068349146201131
"W54_Lemon.Bay",2000,"Tropical Atlantic",1988,1988,2003,1166.36367609372,1110,-7686611.05643973,3267282.43987077,0.00887088597244741,0.00887088597244741,0,0,0.0173106477250275
"W54_Matlacha.Pass..Lower.Charlotte.Harbor",2000,"Tropical Atlantic",1982,1982,2002,3037.74928177595,3247,-7683034.03561799,3240455.89630733,0.00855276658663192,0.00855276658663192,0,209.25071822405,0.0158743689878375
"W54_Middle.Harbor..Upper.Charlotte.Harbor",2000,"Tropical Atlantic",1982,1982,2003,63.1998494802959,76,-7687490.9554912,3274699.14173543,0.00886798542251462,0.00886798542251462,0,12.8001505197041,0.0172975520182571
"W54_Myakka.River..Upper.Charlotte.Harbor",2000,"Tropical Atlantic",1982,1982,2003,183.999808131351,218,-7688504.00797717,3283238.19885705,0.00884602983560718,0.00884602983560718,0,34.000191868649,0.0171984246338733
"W54_Peace.River..Upper.Charlotte.Harbor",2000,"Tropical Atlantic",1982,1982,2003,165.286265381781,397,-7688303.98029924,3281552.15811245,-0.00148130257648831,0,-0.00148130257648831,231.713734618219,-0.0294284978888208
"W54_Pine.Island.Sound..Lower.Charlotte.Harbor",2000,"Tropical Atlantic",1982,1982,2002,10996.4574104506,10647,-7684134.87783186,3240926.30382519,0.00854535876564327,0.00854535876564327,0,0,0.0158409233814101
"W54_Placida..Upper.Charlotte.Harbor",2000,"Tropical Atlantic",1982,1982,2003,1468.74882302616,1625,-7686520.12692496,3266515.99160531,0.0088243048337728,0.0088243048337728,0,156.25117697384,0.0171003383191391
"W54_San.Carlos.Bay..Lower.Charlotte.Harbor",2000,"Tropical Atlantic",1982,1982,2002,1942.50360779946,2420,-7681356.04031526,3228483.28678553,0.00853412241550263,0.00853412241550263,0,477.49639220054,0.0157901923303953
"W54_South.Harbor..Upper.Charlotte.Harbor",2000,"Tropical Atlantic",1982,1982,2003,3896.6179396624,3710,-7685794.28878434,3260397.87489408,0.00883158116877712,0.00883158116877712,0,0,0.0171331902788667
"W54_West.Wall..Upper.Charlotte.Harbor",2000,"Tropical Atlantic",1982,1982,2003,709.542585885206,790,-7687041.89639451,3270914.0058904,0.00885731196041416,0.00885731196041416,0,80.457414114794,0.0172493623531482
"W57_Chaik.Bay",2000,"Temperate North Pacific",2001,2001,2003,0.106277140912291,0.1,-9159569.41426835,6616843.49693881,-0.0182465447133499,0,-0.0182465447133499,0,-0.10512196983266
"W57_Crab.Bay",2000,"Temperate North Pacific",2001,2001,2003,1.91993796280446,1.78,-9153219.81076978,6657844.85357693,-0.0182153363110628,0,-0.0182153363110628,0,-0.104981066867845
"W57_Funter.Bay",2000,"Temperate North Pacific",2001,2001,2003,7.92248338386977,7.9,-9039176.83895957,6699731.376911,-0.0182282722820522,0,-0.0182282722820522,0,-0.105039471545162
"W57_Nakwasina",2000,"Temperate North Pacific",2001,2001,2003,0.577331500652972,0.58,-9230115.71453565,6610195.39049483,-0.0182336999858803,0,-0.0182336999858803,0.00266849934702795,-0.105063977111147
"W57_Pirates.Cove",2000,"Temperate North Pacific",2001,2001,2003,0.213662153251676,0.2,-9272938.91601256,6584348.57926347,-0.0182197871426139,0,-0.0182197871426139,0,-0.105001161948512
"W57_Sandy.Cove",2000,"Temperate North Pacific",2001,2001,2003,0.755185707568146,0.7,-9270493.65815607,6583453.41186113,-0.0182489819571237,0,-0.0182489819571237,0,-0.105132973756236
"W58.31_All.Kromme",2000,"Southern Ocean",1942,1980,2004,24.9249282567108,31.02,2210576.64538845,-4123199.68209292,0.0101138619437771,0.0101138619437771,0,6.0950717432892,0.0229225658855082
"W59_Canal.de.Ovar",2000,"Temperate Northern Atlantic East",1984,1984,2003,0,800,-743337.866685797,4862342.52759343,-0.225682403894737,0,-0.225682403894737,800,-1.04167512301198
"W63_Bahia.San.Quintin",2000,"Temperate North Pacific",1987,1987,2000,0,2390,-10608392.3128537,3695349.42961246,-0.0101494497692308,0,-0.0101494497692308,2390,-0.0685643571256112
"W66_Turnbull.Creek",2000,"Tropical Atlantic",1943,1965,2003,87.5448874281595,151.45,-7456824.44486106,3503257.90025758,0.00884175870634672,0.00884175870634672,0,63.9051125718405,0.0171791408919383
"W68_Corner.Inlet...Duck.Point",2000,"Southern Ocean",1998,1998,2005,0,136,12562405.0330841,-4667915.40160099,-0.00134445742857154,0,-0.00134445742857154,136,-0.0288106550757001
"W68_Corner.Inlet...Lewis.Channel",2000,"Southern Ocean",1998,1998,2005,0,194.1,12584169.4735262,-4657330.98009741,-0.0357087497142857,0,-0.0357087497142857,194.1,-0.18396216274641
"W68_Corner.Inlet..Granite.Island",2000,"Southern Ocean",1998,1998,2005,0,244.1,12570683.059119,-4663889.65524633,0.00187683342857145,0.00187683342857145,0,244.1,-0.0142668335712084
"W68_Port.Phillip.Bay.Kirk.Pt",2000,"Southern Ocean",2000,2000,2005,0,29.8,12490755.2824526,-4571054.20394391,0.1122575126,0.1122575126,0,29.8,0.484091422981148
"W68_Western.Port.Rhyll",2000,"Southern Ocean",1999,1999,2005,0,16.2,12504875.7792314,-4627233.63608367,0.00188325916666672,0.00188325916666672,0,16.2,-0.0142378219755355
"W68_Western.Port.Scrub.Point",2000,"Southern Ocean",1999,1999,2005,0,108.5,12516379.1240299,-4579745.6383905,0.000559707333333215,0.000559707333333215,0,108.5,-0.0202135324809252
"W69_Portinho.da.Rabida",2000,"Temperate Northern Atlantic East",1983,1983,2006,0,30,-778636.166931517,4599149.44399931,-0.366169696130435,0,-0.366169696130435,30,-1.67596187094555
"W7.356_Kungalv",2000,"Temperate Northern Atlantic East",1985,1985,2000,0,794,782520.782150659,6665539.55559187,-0.107759170333333,0,-0.107759170333333,794,-0.509262951553902
"W7.356_Lysekil",2000,"Temperate Northern Atlantic East",1985,1985,2000,0,167,763065.362417775,6703610.23033984,-0.00147091826666668,0,-0.00147091826666668,167,-0.0293816137187192
"W7.356_Stenungsund",2000,"Temperate Northern Atlantic East",1985,1985,2000,0,290,776656.556566953,6677014.7654774,-0.0125984202,0,-0.0125984202,290,-0.0796212254415866
"W7.356_Stromstad",2000,"Temperate Northern Atlantic East",1985,1985,2000,0,190,730770.797552167,6766804.74847443,-0.0355781494666666,0,-0.0355781494666666,190,-0.183372515063525
"W7.356_Uddevalla",2000,"Temperate Northern Atlantic East",1985,1985,2000,0,384,763942.14307207,6701894.53201139,-0.0825109696,0,-0.0825109696,384,-0.395269729252687
"W9.348_Vaccares.Lagoon",2000,"Mediterranean",1993,1993,2003,2331.35019213801,4721.61,374397.451428859,5165739.83315252,0.0123388959306274,0.0123388959306274,0,2390.25980786199,0.0329683824793192
"X101_Amity",2000,"Southern Ocean",2004,2004,2013,2407.260137604,2375,14284016.4410981,-3335255.63539481,-0.00483666105738984,0,-0.00483666105738984,0,-0.0445776219493211
"X101_Chain",2000,"Southern Ocean",2007,2007,2013,722.396059906947,890.5660377,14284016.4410981,-3335255.63539481,-0.0048277251599935,0,-0.0048277251599935,168.169977793053,-0.0445372772234089
"X101_Eastern.Banks",2000,"Southern Ocean",2004,2004,2013,9266.61784785808,10027.39726,14284016.4410981,-3335255.63539481,-0.00485485849481492,0,-0.00485485849481492,760.779412141919,-0.0446597816466246
"X101_Maroom",2000,"Southern Ocean",2004,2004,2013,2099.29985811885,2309.782609,14284016.4410981,-3335255.63539481,-0.00487154124583201,0,-0.00487154124583201,210.48275088115,-0.0447351026790171
"X101_Moreton",2000,"Southern Ocean",2004,2004,2013,3053.49374023697,4352.941176,14284016.4410981,-3335255.63539481,0.0426157572785465,0.0426157572785465,0,1299.44743576303,0.169665528651002
"X101_Wanga.Wallen",2000,"Southern Ocean",2004,2004,2013,540.332124279148,524.057971,14284016.4410981,-3335255.63539481,-0.00483161728546996,0,-0.00483161728546996,0,-0.0445548497993461
"X104_Cleveland.Bay",2000,"Tropical Indo Pacific",2007,2007,2011,8430.79445965606,8161,14212556.4488178,-2358984.89012731,-0.343322694989425,0,-0.343322694989425,0,-1.57280983617323
"X106_Bajau",2000,"Tropical Indo Pacific",1970,1970,2012,0,4.2,10388140.9368346,153321.367461156,-0.0570927445952381,0,-0.0570927445952381,4.2,-0.280508863554847
"X106_Labrador..inc.Pasir.Panjang.Beach.",2000,"Tropical Indo Pacific",1970,1970,2012,0,1.8,10402290.2500237,154967.574554479,-0.0666809942380952,0,-0.0666809942380952,1.8,-0.323798897746265
"X106_Pasir.Laba",2000,"Tropical Indo Pacific",1970,1970,2012,0,7.1,10368989.5812838,155940.388804509,-0.0570927445952381,0,-0.0570927445952381,7.1,-0.280508863554847
"X106_Pulau.Samulun",2000,"Tropical Indo Pacific",1970,1970,2012,0,2.7,10392328.7386546,153808.598817859,-0.0570927445952381,0,-0.0570927445952381,2.7,-0.280508863554847
"X106_Pulau.Sekudu",2000,"Tropical Indo Pacific",1970,1970,2012,0,3.8,10421944.4161446,157254.245804814,0,0,0,3.8,-0.0227405577983388
"X106_Pulau.Tekong",2000,"Tropical Indo Pacific",1970,1970,2012,0,129.3,10427061.7057976,157849.618768353,-0.0107036348571429,0,-0.0107036348571429,129.3,-0.0710664500307496
"X106_Pulau.Ubin",2000,"Tropical Indo Pacific",1970,1970,2012,0,27.9,10419040.2679881,156916.361609918,-0.0212321338809524,0,-0.0212321338809524,27.9,-0.118601620651235
"X106_Tanjung.Changi..Teluk.Paku..Beting.Kusah..Tanah.Merah.Besar",2000,"Tropical Indo Pacific",1970,1970,2012,0,26.5,10425499.2457466,157667.833773946,-0.0570927445952381,0,-0.0570927445952381,26.5,-0.280508863554847
"X106_Tanjung.Pandan..Cyrene.Reef.",2000,"Tropical Indo Pacific",1970,1970,2012,0,22.2,10396395.7244865,154281.773793595,9.77403809523804e-05,9.77403809523804e-05,0,22.2,-0.0222992692846983
"X106_Tanjung.Raya",2000,"Tropical Indo Pacific",1970,1970,2012,0,16.9,10408772.3301475,155721.734571767,0,0,0,16.9,-0.0227405577983388
"X11_Tampa.Bay",2000,"Tropical Atlantic",1950,1982,2016,11917.4285308165,16857.2,-7693933.17769969,3384327.53194726,0.0101872530909803,0.0101872530909803,0,4939.7714691835,0.0232539199271858
"X111_Bellarine.Bank",2000,"Southern Ocean",1946,1962,2011,65.5827495637054,124,12486156.3673312,-4578293.39530809,-0.168994518321963,0,-0.168994518321963,58.4172504362946,-0.785734717193207
"X111_Blairgowrie",2000,"Southern Ocean",1939,1957,2011,4.59994461340758,9.2,12477822.1227076,-4605090.98947975,-0.139994257479229,0,-0.139994257479229,4.60005538659242,-0.654801300750799
"X111_St.Leonards",2000,"Southern Ocean",1946,1966,2011,3.45850167467598,5,12491895.2763805,-4583882.92334962,-0.01287165773726,0,-0.01287165773726,1.54149832532402,-0.080854866905978
"X112_Barnegat.Bay...Little.Egg.Harbor",2000,"Temperate Northern Atlantic West",2003,2003,2009,0,5260,-6336356.79927506,4740712.43975074,0.00403302033333327,0.00403302033333327,0,5260,-0.00453185499774561
"X114_Arade.River",2000,"Temperate Northern Atlantic East",2004,2004,2009,0,1.8,-733240.079081829,4448339.30732378,-0.2861492248,0,-0.2861492248,1.8,-1.31467706204526
"X114_Costa.de.Gale",2000,"Temperate Northern Atlantic East",2006,2006,2010,0.001906538882275,0.13,-772626.9937076,4597502.33504896,0.0181353063601752,0.0181353063601752,0,0.128093461117725,0.0591386236629688
"X114_Ludo.Baiao",2000,"Temperate Northern Atlantic East",2001,2001,2004,0,0.03,-701852.025672771,4438745.57681343,-1.103071664,0,-0.462895443419633,0.03,-5.00300409168716
"X114_Mira.River",2000,"Temperate Northern Atlantic East",1984,1984,2010,0,80,-758700.761975571,4532499.24629805,-0.087736337,0,-0.087736337,80,-0.418861765529843
"X114_Mondego.River",2000,"Temperate Northern Atlantic East",1986,1986,2009,0.000130043391661,15,-761534.857896803,4806052.03175118,1.14547062017414,0.664637705380747,0,14.9998699566083,5.14895022619617
"X114_Obidos.Lagoon",2000,"Temperate Northern Atlantic East",1956,1956,2010,0,150,-761534.857896803,4806052.03175118,-0.0901339760185185,0,-0.0901339760185185,150,-0.429686877407032
"X114_Ponta.do.Adoche",2000,"Temperate Northern Atlantic East",2003,2003,2009,0,1.0839,-773015.008849068,4597608.68964859,0.0790462831666667,0.0790462831666667,0,1.0839,0.334145884299951
"X114_Portinho.da.Arrabida",2000,"Temperate Northern Atlantic East",1946,2004,2011,0.003705930178484,10,-778380.661983053,4599079.41032383,-0.306677473271015,0,-0.306677473271015,9.99629406982152,-1.4073601492928
"X114_Ria.de.Alvor",2000,"Temperate Northern Atlantic East",1986,1986,2009,0.998706577692601,1.96,-769610.065100336,4470121.75891968,-0.0337674722688838,0,-0.0337674722688838,0.961293422307399,-0.175197479919333
"X114_Ria.de.Aveiro",2000,"Temperate Northern Atlantic East",1984,1984,2010,252.12425567346,800,-744352.21790489,4859230.18893385,-0.0794621888601282,0,-0.0794621888601282,547.87574432654,-0.381504774502108
"X114_Ria.Formosa.lagoon",2000,"Temperate Northern Atlantic East",2001,2001,2007,0,5,-672829.245074134,4443400.21716617,0.264903616333333,0.264903616333333,0,5,1.17327404712417
"X116_Albenga...Loano..AL.",2000,"Mediterranean",1990,1990,2006,389.7729196872,385.2362196,675566.532794607,5244066.67499363,0.0131367543341665,0.0131367543341665,0,0,0.036570637203136
"X116_Albissola.Marina...Celle.Ligure..AC.",2000,"Mediterranean",1990,1990,2006,36.1265798246412,68.10027523,694637.377642043,5259939.8123581,0.0454642727036163,0.0454642727036163,0,31.9736954053588,0.182526304573531
"X116_Arenzano..AR.",2000,"Mediterranean",1990,1990,2006,122.393927536064,157.7511026,710138.578868598,5266201.171821,0.0130906975430406,0.0130906975430406,0,35.357175063936,0.0363626951765042
"X116_Diano.Marina..DM.",2000,"Mediterranean",1990,1990,2006,422.32398919395,417.9281651,660860.983911582,5221239.54002668,0.0132063766044271,0.0132063766044271,0,0,0.0368849751242717
"X116_Isola.di.Bergeggi..BE.",2000,"Mediterranean",1990,1990,2006,58.4714805869349,83.46441532,687761.35610212,5256953.23067607,0.0131372249586829,0.0131372249586829,0,24.9929347330651,0.036572762028017
"X116_Isola.Gallinara..GA.",2000,"Mediterranean",1990,1990,2006,70.2722585051826,158.9073664,671440.849369741,5234176.98321572,0.0131132633730666,0.0131132633730666,0,88.6351078948174,0.036464577750464
"X116_Laigueglia..LA.",2000,"Mediterranean",1990,1990,2006,86.1027874339706,274.5865581,666575.637699116,5228956.31378224,0.0130618258089602,0.0130618258089602,0,188.483770666029,0.0362323420461561
"X116_Noli...Spotorno..NS.",2000,"Mediterranean",1990,1990,2006,17.1084475519859,38.19864467,686231.110673968,5256372.40988916,0.0202154095788175,0.0202154095788175,0,21.0901971180141,0.0685300916379172
"X116_Pietra.Ligure..PL.",2000,"Mediterranean",1990,1990,2006,26.6021385929055,75.92012021,677248.01226547,5246006.91499514,-0.0439589877313818,0,-0.0439589877313818,49.3179816170945,-0.221211201846418
"X116_Porto.Maurizio..PM.",2000,"Mediterranean",1990,1990,2006,648.818511200241,665.7724575,654149.384425686,5217198.10330628,0.0131379402403286,0.0131379402403286,0,16.953946299759,0.0365759914565417
"X116_Sanremo..SR.",2000,"Mediterranean",1990,1990,2006,804.849069056049,800.2486985,637814.171622805,5204836.38439301,0.0130880971292924,0.0130880971292924,0,0,0.0363509545560297
"X116_Santo.Stefano.al.Mare..SS.",2000,"Mediterranean",1990,1990,2006,214.213103264115,371.4641859,647689.839002489,5211900.07567294,0.013070805178802,0.013070805178802,0,157.251082635885,0.0362728830460203
"X116_Savona..SV.",2000,"Mediterranean",1990,1990,2006,12.374975181942,23.27486156,691041.664164461,5258487.40526528,0.0882170643011391,0.0882170643011391,0,10.899886378058,0.375551087925314
"X116_Vado.Ligure..VA.",2000,"Mediterranean",1990,1990,2006,32.4435686984805,53.28723489,689069.954036243,5257690.97757629,0.0131354843791929,0.0131354843791929,0,20.8436661915195,0.0365649034773491
"X116_Ventimiglia..VM.",2000,"Mediterranean",1990,1990,2006,177.621211964519,242.4213284,623483.975825595,5201411.7560733,0.0130997974574754,0.0130997974574754,0,64.800116435481,0.0364037804237281
"X12_CB5.4W",2000,"Temperate Northern Atlantic West",1984,1984,2015,8.278649110492,44.7660012,-6605533.14704504,4543564.01991652,0.0160832505675797,0.0160832505675797,0,36.487352089508,0.0498737871460834
"X12_CB6.3",2000,"Temperate Northern Atlantic West",1984,1984,2015,57.7837859551611,105.7230028,-6616142.51181559,4498068.90887161,-0.0914872530822757,0,-0.0914872530822757,47.9392168448389,-0.435796794497494
"X12_CB7.1",2000,"Temperate Northern Atlantic West",1984,1984,2015,377.791001532501,511.371011,-6586349.8656121,4528858.44919938,-0.00644965296130086,0,-0.00644965296130086,133.580009467499,-0.0518601268143051
"X12_CB7.1N",2000,"Temperate Northern Atlantic West",1984,1984,2015,252.772267658905,547.965015,-6579959.70656724,4539228.34972947,-0.0321539318723655,0,-0.0321539318723655,295.192747341095,-0.167912498662452
"X12_CB7.1S",2000,"Temperate Northern Atlantic West",1984,1984,2015,113.668321201545,233.617505,-6597938.7934384,4517289.43749349,-0.0310400002558954,0,-0.0310400002558954,119.949183798455,-0.162883203477193
"X12_CB7.2E",2000,"Temperate Northern Atlantic West",1984,1984,2015,122.666422903208,178.6050042,-6604414.79087914,4498068.90887161,-0.00645170522300376,0,-0.00645170522300376,55.938581296792,-0.0518693925804874
"X12_CB7.3E",2000,"Temperate Northern Atlantic West",1984,1984,2015,139.191959403241,251.8695051,-6616990.86973899,4477349.84319446,-0.13183988682641,0,-0.13183988682641,112.677545696759,-0.617985093672482
"X12_CB8.1",2000,"Temperate Northern Atlantic West",1984,1984,2015,0.849329928798931,3.0915001,-6639661.95532328,4450873.26684064,-0.00429095070431758,0,-0.00429095070431758,2.24217017120107,-0.0421137916650619
"X12_EE3.2",2000,"Temperate Northern Atlantic West",1984,1984,2015,785.595844420603,1483.632041,-6564208.79093827,4562397.50746794,-0.0065374356769741,0,-0.0065374356769741,698.036196579397,-0.0522564574173303
"X12_EE3.3",2000,"Temperate Northern Atlantic West",1984,1984,2015,0.000426859722646,1.755,-6552653.6301789,4558068.90635699,0.297097334684491,0.297097334684491,0,1.75457314027735,1.31862562015176
"X12_EE3.4",2000,"Temperate Northern Atlantic West",1984,1984,2015,53.5460295773624,348.0300094,-6556672.2073979,4554302.30061124,-0.0889629680734049,0,-0.0889629680734049,294.483979822638,-0.424399888032475
"X12_EE3.5",2000,"Temperate Northern Atlantic West",1984,1984,2015,716.239015884635,1089.783028,-6567488.95115593,4541647.33715811,-0.00644867389255335,0,-0.00644867389255335,373.544012115365,-0.0518557064121322
"X12_ET9.1",2000,"Temperate Northern Atlantic West",1984,1984,2015,78.5739590862553,192.1455051,-6554874.44235908,4568555.0336784,0.0625845190268133,0.0625845190268133,0,113.571546013745,0.259822586616918
"X12_LE3.6",2000,"Temperate Northern Atlantic West",1984,1984,2015,0.655884934062651,14.1840003,-6616738.9480619,4519050.86586033,0.0129712679775347,0.0129712679775347,0,13.5281153659373,0.0358234820597423
"X12_LE3.7",2000,"Temperate Northern Atlantic West",1984,1984,2015,54.0636526497937,136.0035034,-6620524.15196449,4510755.3992083,-0.102510761618864,0,-0.102510761618864,81.9398507502063,-0.485566885935799
"X12_LE4.3",2000,"Temperate Northern Atlantic West",1984,1984,2015,148.429157730537,203.7195055,-6637816.87267649,4472629.65917085,-0.0516096531153869,0,-0.0516096531153869,55.290347769463,-0.255753227596385
"X12_LE5.3",2000,"Temperate Northern Atlantic West",1984,1984,2015,0.210816913322957,0.27,-6649179.50424005,4447578.15083109,-0.443913669994575,0,-0.443913669994575,0.059183086677043,-2.02696851054243
"X12_LE5.4",2000,"Temperate Northern Atlantic West",1984,1984,2015,1.20979030826781,40.6935009,-6649179.50424005,4447578.15083109,0.224111761109796,0.224111761109796,0,39.4837105917322,0.989102704790192
"X12_LE5.5.W",2000,"Temperate Northern Atlantic West",1984,1984,2015,7.66722942795199,46.6200011,-6648293.1933393,4449532.22500815,0.0617140757626056,0.0617140757626056,0,38.952771672048,0.255892618158356
"X12_WE4.1",2000,"Temperate Northern Atlantic West",1984,1984,2015,1048.53779736939,1438.303539,-6632506.89249681,4484336.71945975,-0.0276327839006538,0,-0.0276327839006538,389.76574163061,-0.147499946051699
"X12_WE4.2",2000,"Temperate Northern Atlantic West",1984,1984,2015,282.062651336474,418.0635113,-6636744.1183141,4474994.79040877,-0.0510155662108051,0,-0.0510155662108051,136.000859963526,-0.253070981788238
"X12_WE4.3",2000,"Temperate Northern Atlantic West",1984,1984,2015,387.332494472317,605.1735148,-6639929.31369024,4467972.30199289,-0.0880701560252443,0,-0.0880701560252443,217.841020327683,-0.420368926644212
"X12_WE4.4",2000,"Temperate Northern Atlantic West",1984,1984,2015,364.552414829034,496.179013,-6642209.90783733,4462944.21294715,-0.0612242108354506,0,-0.0612242108354506,131.626598170966,-0.299162040251464
"X125_Gulf.of.Oristano...Area.1",2000,"Mediterranean",2001,2001,2011,4702.58155873657,5600,714585.594963456,4775579.38784127,0.0138435339939302,0.0138435339939302,0,897.41844126343,0.039761680070878
"X125_Gulf.of.Oristano...Area.2",2000,"Mediterranean",2001,2001,2011,3065.66383149514,5200,714676.894933856,4774484.09366135,0.013811480301541,0.013811480301541,0,2134.33616850486,0.0396169607017361
"X125_Gulf.of.Oristano...Area.3",2000,"Mediterranean",2001,2001,2011,163200.359060203,183000,714554.962176644,4775946.87879403,0.0285382642892317,0.0285382642892317,0,19799.640939797,0.106106988194051
"X127_Phu.Quoc.Island",2000,"Tropical Indo Pacific",2001,2001,2010,11616.1562931345,12869.83,10313549.8887018,1275006.8841705,-0.00163031889261364,0,-0.00163031889261364,1253.6737068655,-0.0301012923675243
"X14_Nisqually.River.Delta",2000,"Temperate North Pacific",2009,2009,2011,55.2468830619409,82.74193548,-9667928.92276302,5566056.80782066,-0.35194604879525,0,-0.35194604879525,27.4950524180591,-1.61174345753309
"X140_Ems.Estuary",2000,"Temperate Northern Atlantic East",1996,1996,2009,157.746578605501,259.2771743,502332.801754622,6236714.12808927,-0.0542656978062601,0,-0.0542656978062601,101.530595694499,-0.267745016480135
"X142_Elkhorn.Slough",2000,"Temperate North Pacific",1966,1966,2012,11.1385437594657,14.52161759,-10657128.2632404,4436676.56848517,0.0201322912332458,0.0201322912332458,0,3.3830738305343,0.068154820221782
"X143_Northfrisian.Wadden.Sea",2000,"Temperate Northern Atlantic East",1936,1959,2005,13983.751528465,15810,745692.182165472,6460999.86057213,0.0182092892178003,0.0182092892178003,0,1826.248471535,0.0594726492208614
"X149_Mobjack.Bay",2000,"Temperate Northern Atlantic West",1978,1978,2011,3466.45484897436,4432.624113,-6632704.1120967,4483901.90394859,-0.00647115223435463,0,-0.00647115223435463,966.16926402564,-0.0519571939850876
"X151_Gold.Coast.Broadwater",2000,"Southern Ocean",1987,1987,2005,0,1208,14248758.9416648,-3388760.35534226,0.0173425593333333,0.0173425593333333,0,1208,0.0555594463182596
"X151_Southern.study.area",2000,"Southern Ocean",1987,1987,2005,288.11713499154,340,14245854.2876169,-3400615.63094826,-0.00407398764867872,0,-0.00407398764867872,51.88286500846,-0.04113422412701
"X152_Cap.Corse",2000,"Mediterranean",1960,1960,2011,0,12963,778980.049933452,5103033.17142991,-0.0272756026470588,0,-0.0272756026470588,12963,-0.145887306700764
"X152_Gulf.of.St.Florent",2000,"Mediterranean",1960,1960,2006,14.4035416341552,22.9,781912.599488391,5089752.47271343,0.0131848882561447,0.0131848882561447,0,8.4964583658448,0.0367879572777917
"X158_Eastern.Banks",2000,"Southern Ocean",1988,1988,2010,8198.73769781414,8525.628194,14284016.4410981,-3335255.63539481,-0.00485375509710645,0,-0.00485375509710645,326.890496185861,-0.044654799911031
"X158_Moreton.Banks",2000,"Southern Ocean",1988,1988,2010,1690.14559138954,1940.815047,14286906.099336,-3330495.58237378,-0.00484937757662106,0,-0.00484937757662106,250.66945561046,-0.0446350358228455
"X158_Wanga.Wallen",2000,"Southern Ocean",1988,1988,2010,507.059141560645,548.4042553,14275406.1993767,-3341918.60562706,-0.00486039122443712,0,-0.00486039122443712,41.345113739355,-0.0446847613940695
"X164_Jade.Bay",2000,"Temperate Northern Atlantic East",1935,1975,2008,584.953378011054,1094.688222,588203.311966805,6238014.90583759,0.0182008968136784,0.0182008968136784,0,509.734843988946,0.0594347583153346
"X174_Ba.Province",2000,"Tropical Indo Pacific",1992,1992,2007,79.4683573718336,98.11,17292197.8489356,-2142042.90170337,-0.00142755174105443,0,-0.00142755174105443,18.6416426281664,-0.0291858179847277
"X178_Adelaide.Metropolitan.Coast",2000,"Southern Ocean",1978,1978,2005,0,19040,12258805.3438061,-4220185.18519896,-0.0127387098888889,0,-0.0127387098888889,19040,-0.0802546200292242
"X184_Cam.Ranh.Bay...Thuy.Trieu.Lagoon",2000,"Tropical Indo Pacific",1996,1996,2007,866.019441695884,1178,10800070.6163532,1466520.058656,-0.00143020777593037,0,-0.00143020777593037,311.980558304116,-0.0291978097292979
"X187_Kaipara.Harbour...Control.1",2000,"Southern Ocean",2006,2006,2010,0.102942581353938,0.2914,15255289.888447,-4384554.50027416,0.045787837713541,0.045787837713541,0,0.188457418646062,0.183987169785068
"X187_Kaipara.Harbour...Control.2",2000,"Southern Ocean",2006,2006,2010,0.693390672511367,0.864,15255289.888447,-4384554.50027416,-0.004859769621002,0,-0.004859769621002,0.170609327488633,-0.044681954913746
"X187_Kaipara.Harbour...Control.3",2000,"Southern Ocean",2006,2006,2010,0.116297466820879,0.1972,15255289.888447,-4384554.50027416,-0.00486195133838943,0,-0.00486195133838943,0.080902533179121,-0.0446918051600178
"X187_Kaipara.Harbour...Control.4",2000,"Southern Ocean",2006,2006,2010,0.23194503279562,0.2893,15255289.888447,-4384554.50027416,-0.00485745831433692,0,-0.00485745831433692,0.05735496720438,-0.0446715195842244
"X187_Kaipara.Harbour...Control.5",2000,"Southern Ocean",2006,2006,2010,0.13142793023881,0.2503,15255289.888447,-4384554.50027416,0.0611091882263928,0.0611091882263928,0,0.11887206976119,0.253161608526779
"X187_Kaipara.Harbour...Oyster.Farm",2000,"Southern Ocean",2006,2006,2010,0.005181526574223,0.2537,15255289.888447,-4384554.50027416,1.01813870952568,0.664637705380747,0,0.248518473425777,4.57405877353809
"X188a_Hillsborough.Bay",2000,"Tropical Atlantic",1986,1986,2000,63.8812383300194,68.95522388,-7683030.1825189,3411758.48806102,-0.0557562258380805,0,-0.0557562258380805,5.07398554998061,-0.274474608623038
"X196_Troia.Peninsula...Sado.Estuary",2000,"Temperate Northern Atlantic East",2006,2006,2010,0.814082173115545,1.085621971,-773008.747643067,4597606.97345769,0.0182147173461346,0.0182147173461346,0,0.271539797884455,0.0594971567034511
"X198_Mondego.Estuary",2000,"Temperate Northern Atlantic East",1986,1986,2006,0.156490530883346,15,-761009.314886637,4808121.13921139,0.664637705380747,0.664637705380747,0,14.8435094691167,2.97803539845474
"X199_Church.Bay",2000,"Temperate Northern Atlantic East",1999,1999,2009,31.9803277725806,221.02,-437665.141901894,6415830.39525852,0.0794952199562162,0.0794952199562162,0,189.039672227419,0.336172791159208
"X201_Tokyo.Bay",2000,"Temperate North Pacific",1980,1980,2005,73.3430409160458,128.3699514,12359855.1690032,4342560.88403903,-0.0111635278771975,0,-0.0111635278771975,55.0269104839542,-0.0731428232275394
"X205_Bahia.de.la.Ascension",2000,"Tropical Atlantic",1988,1988,2007,76949.4710775145,74668.72,-8459361.3424275,2411319.75864541,0.00980684118231799,0.00980684118231799,0,0,0.0215363963805307
"X207_Boston.Harbor",2000,"Temperate Northern Atlantic West",1995,1995,2007,51.0402829425557,81.48,-5882242.68203055,5048284.99258392,-0.00644728569810304,0,-0.00644728569810304,30.4397170574443,-0.0518494388463661
"X207_Cape.Pogue..Pocha.and.Caleb.Ponds",2000,"Temperate Northern Atlantic West",1995,1995,2007,227.726974479124,221.29,-5906186.36649892,4945800.19679719,-0.0064715394924996,0,-0.0064715394924996,0,-0.0519589424187393
"X207_Cohasset.Harbor",2000,"Temperate Northern Atlantic West",1995,1995,2007,51.4748907884711,47.35,-5882820.8158949,5038051.08598897,-0.00646319898075524,0,-0.00646319898075524,0,-0.0519212858023561
"X207_Duxbury.Plymouth.Harbor",2000,"Temperate Northern Atlantic West",1995,1995,2007,879.662898488683,910.27,-5884375.35513542,5010533.22141379,-0.00645097765384984,0,-0.00645097765384984,30.607101511317,-0.051866107675033
"X207_East.West.Branch.Westport.River",2000,"Temperate Northern Atlantic West",1995,1995,2007,239.426374002717,273.99,-5948125.6427193,4955330.77627546,-0.00644893208151465,0,-0.00644893208151465,34.563625997283,-0.051856872110709
"X207_Gloucester.Harbor",2000,"Temperate Northern Atlantic West",1995,1995,2007,19.6562286230214,21.12,-5853943.27997101,5077444.33690494,-0.00648526068218054,0,-0.00648526068218054,1.4637713769786,-0.0520208922836844
"X207_Hadley.Harbor",2000,"Temperate Northern Atlantic West",1995,1995,2007,0,22.45,-5918882.61996135,4953718.98581554,-0.00363656283333332,0,-0.00363656283333332,22.45,-0.03915929273517
"X207_Hamblin.Jehu.Ponds.and.Great.and.Little.Rivers",2000,"Temperate Northern Atlantic West",1995,1995,2007,12.4365603950411,29.91,-5898559.41000747,4958518.9034384,-0.0857878597070518,0,-0.0857878597070518,17.4734396049589,-0.410064576076629
"X207_Inner.Sippican.Harbor",2000,"Temperate Northern Atlantic West",1995,1995,2007,47.2309800906085,64.26,-5907133.22224204,4956175.32060302,-0.00646545837540486,0,-0.00646545837540486,17.0290199093915,-0.0519314867540707
"X207_Lagoon.Pond",2000,"Temperate Northern Atlantic West",1995,1995,2007,38.873770440311,66.6,-5914354.00838409,4949835.20972549,-0.0339987435483951,0,-0.0339987435483951,27.726229559689,-0.176241647725811
"X207_Lake.Tashmoo",2000,"Temperate Northern Atlantic West",1995,1995,2007,22.24417381957,36.89,-5916226.32715031,4952298.9237672,-0.00637576133685326,0,-0.00637576133685326,14.64582618043,-0.0515265131655221
"X207_Lower.Pleasant.Bay",2000,"Temperate Northern Atlantic West",1995,1995,2007,529.884487738804,521.63,-5845758.54674688,4977702.30384399,-0.00646182686861507,0,-0.00646182686861507,0,-0.051915090846689
"X207_Lynn.Harbor",2000,"Temperate Northern Atlantic West",1995,1995,2007,297.996241104801,289.42,-5878627.52937035,5055215.05349985,-0.00646461585942425,0,-0.00646461585942425,0,-0.0519276828746384
"X207_Madaket.Harbor",2000,"Temperate Northern Atlantic West",1995,1995,2007,278.021887085094,272.48,-5891540.23765979,4932487.91587125,-0.00644013700551772,0,-0.00644013700551772,0,-0.0518171631800068
"X207_Menemsha",2000,"Temperate Northern Atlantic West",1995,1995,2007,166.158772692073,173.2,-5935495.58779982,4938436.43339348,-0.00646540721004694,0,-0.00646540721004694,7.04122730792699,-0.0519312557473514
"X207_Morris.Island",2000,"Temperate Northern Atlantic West",1995,1995,2007,67.959212714152,69.15,-5859497.65125659,4969196.1220226,-0.00645961428846922,0,-0.00645961428846922,1.190787285848,-0.0519051012580015
"X207_New.Bedford.Outer.Harbor",2000,"Temperate Northern Atlantic West",1995,1995,2007,48.2400419495406,49.32,-5931363.58695666,4954406.90045762,-0.00646097381190806,0,-0.00646097381190806,1.0799580504594,-0.0519112393768807
"X207_Pocasset.Harbor",2000,"Temperate Northern Atlantic West",1995,1995,2007,16.0166939246513,16.73,-5900245.00993593,4958058.15821194,-0.00644877034808678,0,-0.00644877034808678,0.713306075348701,-0.0518561418996816
"X207_Quissett",2000,"Temperate Northern Atlantic West",1995,1995,2007,19.5628007043445,20.93,-5912780.70289191,4954631.627045,-0.0064278707953063,0,-0.0064278707953063,1.3671992956555,-0.0517617824088306
"X207_Ryders.Cove.Crow.Pond.Bassing.Harbor",2000,"Temperate Northern Atlantic West",1995,1995,2007,60.3076038505185,64.29,-5763218.50266865,4979968.71326658,-0.00643543569072994,0,-0.00643543569072994,3.98239614948151,-0.0517959371913761
"X207_Salem.Harbor",2000,"Temperate Northern Atlantic West",1995,1995,2007,17.5678895607383,41.93,-5871596.11217014,5067991.80039836,-0.0445182378283075,0,-0.0445182378283075,24.3621104392617,-0.223736162784988
"X207_Scituate.Harbor",2000,"Temperate Northern Atlantic West",1995,1995,2007,4.83264136266622,4.84,-5881246.84062984,5034109.27090176,-0.00646378465846226,0,-0.00646378465846226,0.00735863733377951,-0.0519239300814379
"X207_Stage.Harbor.System",2000,"Temperate Northern Atlantic West",1995,1995,2007,81.4567266770193,105.62,-5842462.40491424,4977242.53223562,-0.00646583761654587,0,-0.00646583761654587,24.1632733229807,-0.0519331989917128
"X207_Upper.Pleasant.Bay",2000,"Temperate Northern Atlantic West",1995,1995,2007,95.9690141394046,121.36,-5841819.72888855,4983976.24474393,-0.00644412498312194,0,-0.00644412498312194,25.3909858605954,-0.0518351685191742
"X207_Waquoit.Bay",2000,"Temperate Northern Atlantic West",1995,1995,2007,4.5180114863627,10.23,-5900215.47390178,4958066.23165007,-0.215867084425845,0,-0.215867084425845,5.7119885136373,-0.997359890176489
"X207_Wareham.Harbor",2000,"Temperate Northern Atlantic West",1995,1995,2007,1.8755479630413,4.54,-5885527.48224014,4990138.70398083,-0.0890902057596993,0,-0.0890902057596993,2.6644520369587,-0.424974354071146
"X207_West.Cape.Cod.Canal",2000,"Temperate Northern Atlantic West",1995,1995,2007,123.691486771135,157.99,-5885527.48224014,4990138.70398083,-0.00643887812030827,0,-0.00643887812030827,34.298513228865,-0.051811479433151
"X207_West.Falmouth",2000,"Temperate Northern Atlantic West",1995,1995,2007,22.8580739057465,22.55,-5907131.10724152,4956175.89872145,-0.00645659671696391,0,-0.00645659671696391,0,-0.0518914772099734
"X207_Weweantic.Harbor",2000,"Temperate Northern Atlantic West",1995,1995,2007,12.5214676071977,20.93,-5885527.48224014,4990138.70398083,-0.0196287696964353,0,-0.0196287696964353,8.4085323928023,-0.11136258402261
"X207_Wild.Harbor",2000,"Temperate Northern Atlantic West",1995,1995,2007,7.41335466160492,8.31,-5904340.77924089,4956938.61250949,-0.00646554259075167,0,-0.00646554259075167,0.89664533839508,-0.0519318669783429
"X208_Cerbere.Banyuls",2000,"Mediterranean",2006,2006,2010,0.016006506818547,0.009568,263317.357654423,5063448.86512728,-0.194538667079015,0,-0.194538667079015,0,-0.901064116642795
"X216_Cat.Island",2000,"Tropical Atlantic",2003,2003,2007,33.2635884005668,71.3,-8156734.63834918,3671479.35512664,0.0393981040535126,0.0393981040535126,0,38.0364115994332,0.155138130709125
"X216_East.Ship.Island",2000,"Tropical Atlantic",1963,1963,2007,6.38889229025387,19.4,-8142975.72150467,3669172.74651952,0.146220628973059,0.146220628973059,0,13.0111077097461,0.637431659604222
"X216_Horn.Island",2000,"Tropical Atlantic",1940,1952,2007,43.7842305893765,82,-8117257.53369571,3671446.86863277,0.0215179972254456,0.0215179972254456,0,38.2157694106235,0.074411150836439
"X216_Petit.Bols.Island",2000,"Tropical Atlantic",1940,1952,2007,13.3516184881462,54.1,-8098088.59850553,3667775.70052719,0.00978653117492178,0.00978653117492178,0,40.7483815118538,0.0214446986309561
"X216_West.Ship.Island",2000,"Tropical Atlantic",1963,1963,2007,0.288549318968786,11.1,-8146288.02510901,3668003.1315333,0.132722278001928,0.132722278001928,0,10.8114506810312,0.57648789021631
"X217_Alligator.Bank..Karumba",2000,"Tropical Indo Pacific",1994,1994,2009,1360.11237830292,1656.521739,13690157.9054125,-2149228.3660206,-0.00156418519395554,0,-0.00156418519395554,296.40936069708,-0.0298027050150092
"X218_Mumford.Cove",2000,"Temperate Northern Atlantic West",1987,1987,2004,15.3512816570924,26.13613845,-6040482.32381957,4934611.3723195,0.112923246715377,0.112923246715377,0,10.7848567929076,0.48709714912414
"X221_Devipattinam",2000,"Tropical Indo Pacific",1996,1996,2004,3136.57881257106,3180.24,7849479.63910606,1166993.45483403,-0.00117982336372748,0,-0.00117982336372748,43.6611874289397,-0.028067347948577
"X221_Munaikkadu",2000,"Tropical Indo Pacific",1996,1996,2004,131.241012642289,123.98,8144807.23616444,947230.505541031,-0.00117913325310348,0,-0.00117913325310348,0,-0.0280642321648186
"X224_Aucilla",2000,"Tropical Atlantic",1984,1984,2006,10837.6342489263,10324,-7698692.1996639,3649759.60849403,0.00961287440827359,0.00961287440827359,0,0,0.0206606548642847
"X224_Econfina",2000,"Tropical Atlantic",1984,1984,2006,12256.3801532166,11603,-7693875.04175789,3646712.38482002,0.00961170401507105,0.00961170401507105,0,0,0.0206553706504144
"X224_Fenholloway",2000,"Tropical Atlantic",1984,1984,2006,18929.922548143,18609,-7684529.67331597,3639658.76522408,0.00958937628220916,0.00958937628220916,0,0,0.0205545630624801
"X224_Horeshoe.Beach.East",2000,"Tropical Atlantic",1984,1984,2006,3870.23707522031,4394,-7662714.73153037,3577255.06376985,0.00961750408826645,0.00961750408826645,0,523.76292477969,0.0206815574286371
"X224_Horeshoe.Beach.West",2000,"Tropical Atlantic",1984,1984,2006,11430.7689827701,11351,-7663483.28943096,3578656.20136238,0.00959110367390188,0.00959110367390188,0,0,0.020562362071499
"X224_Keaton.Beach",2000,"Tropical Atlantic",1984,1984,2006,16723.4571421746,15913,-7675762.91608045,3618643.65789939,0.0095870752248479,0.0095870752248479,0,0,0.0205441740075894
"X224_St.Marks.East",2000,"Tropical Atlantic",1984,1984,2006,6373.23783296371,6642,-7712877.39067466,3651197.94511776,0.00959212994661727,0.00959212994661727,0,268.76216703629,0.0205669955950923
"X224_St.Marks.West",2000,"Tropical Atlantic",1984,1984,2006,6323.05149138214,6454,-7713397.26939549,3650956.6438816,0.00960492666821933,0.00960492666821933,0,130.94850861786,0.0206247715746846
"X224_Steinhatchee.North",2000,"Tropical Atlantic",1984,1984,2006,10631.6143570286,10546,-7667154.45677136,3604672.77763534,0.00958302514889185,0.00958302514889185,0,0,0.0205258883002762
"X224_Steinhatchee.South",2000,"Tropical Atlantic",1984,1984,2006,10176.8926747799,9584,-7665453.27281268,3598363.26162301,0.00956981225753196,0.00956981225753196,0,0,0.020466233353853
"X224_Suwannee",2000,"Tropical Atlantic",1984,1984,2006,508.838412825209,1263,-7659758.55700751,3561512.41928987,-0.0258654451731895,0,-0.0258654451731895,754.161587174791,-0.139520579974519
"X23_Estero.Bay",2000,"Tropical Atlantic",1999,1999,2006,1087.60357342927,1245,-7680113.58274069,3219618.26829385,0.00960726448682032,0.00960726448682032,0,157.39642657073,0.0206353266030724
"X230_Baraulu.Village",2000,"Tropical Indo Pacific",1947,1969,2003,0.84681616240861,0.84,15672423.69843,-1023952.692193,-0.00109823310321753,0,-0.00109823310321753,0,-0.0276989756909988
"X232_Arcachon.Bay...Zostera.marina",2000,"Temperate Northern Atlantic East",1988,1988,2008,0,370,-107172.819138841,5305072.61122247,-0.06198454435,0,-0.06198454435,370,-0.302594873674428
"X232_Arcachon.Bay...Zostera.noltii",2000,"Tropical Atlantic",1989,1989,2007,5947.65008890464,6850,-1591211.23515518,2522103.01603573,0.00979958382076005,0.00979958382076005,0,902.34991109536,0.021503630084107
"X232_Arguin.Bank...Zostera.marina",2000,"Temperate Northern Atlantic East",1988,1988,2008,0,9,-107172.819138841,5305072.61122247,-0.0715373062,0,-0.0715373062,9,-0.345724683860069
"X232_Arguin.Bank...Zostera.noltii",2000,"Tropical Atlantic",2005,2005,2007,0,5,-1591211.23515518,2522103.01603573,0,0,0,5,-0.0227405577983388
"X233_Bourgneuf.Bay",2000,"Temperate Northern Atlantic East",1991,1991,2005,356.37408942513,586,-171069.162560287,5555784.3927511,0.0182462859179533,0.0182462859179533,0,229.62591057487,0.059639685799408
"X24_MNS",2000,"Tropical Indo Pacific",1950,1966,2015,0.58387800251043,0.6985,5302752.99086777,-2581896.038683,-0.00155726728632633,0,-0.00155726728632633,0.11462199748957,-0.0297714713207526
"X24_PAS",2000,"Tropical Indo Pacific",1950,1966,2015,0.051504809731687,0.6835,5302495.23829259,-2584503.09113723,0.182376653613571,0.182376653613571,0,0.631995190268313,0.800672668256882
"X24_PLA",2000,"Tropical Indo Pacific",1950,1966,2014,0.028204226226086,0.3395,5303102.76645749,-2585795.48528341,0.124372742840592,0.124372742840592,0,0.311295773773914,0.538790533964646
"X241_Terschelling",2000,"Temperate Northern Atlantic East",1990,1990,2004,2.04849431904373,23.1343284,383282.286147083,6228189.50836501,-1.00484909120285,0,-0.462895443419633,21.0858340809563,-4.55953852777944
"X242_Chesapeake.Bay",2000,"Temperate Northern Atlantic West",1984,1984,2007,9532.00832879174,12439.02439,-6603760.68530638,4516237.09242989,-0.00647896896381538,0,-0.00647896896381538,2907.01606120826,-0.0519924857743322
"X242_Chincoteague.Bay",2000,"Temperate Northern Atlantic West",1986,1986,2007,5265.50744915815,6821.362799,-6508070.23822338,4567814.75393697,-0.0259410589790053,0,-0.0259410589790053,1555.85534984185,-0.139861969108202
"X242_Virginia.Coastal.Bays",2000,"Temperate Northern Atlantic West",2001,2001,2007,36.6024677626389,590.0917431,-6582713.76770919,4497895.55399681,0.443002411782152,0.443002411782152,0,553.489275337361,1.9773731508822
"X244_Bottelary",2000,"Southern Ocean",1968,1968,2007,8.58421183886992,17.68476621,1624021.04363392,-4009919.13929738,-0.00484699883516162,0,-0.00484699883516162,9.10055437113008,-0.0446242960316482
"X244_Centre.Bank",2000,"Southern Ocean",1960,1960,2007,0.024205934247605,0.031832579,1619723.81636384,-4007008.82242072,-0.00485662642065024,0,-0.00485662642065024,0.007626644752395,-0.0446677636634379
"X244_Klein.Oesterwal",2000,"Southern Ocean",1960,1960,2007,0.002147094419299,0.020324284,1620099.70608379,-4006238.24278657,-0.148678827223353,0,-0.148678827223353,0.018177189580701,-0.694011306243402
"X244_Oesterwal",2000,"Southern Ocean",1960,1960,2007,0.00319361184484,0.007865762,1621286.92095897,-4007843.59145168,-0.0306506329954957,0,-0.0306506329954957,0.00467215015516,-0.161125247370128
"X259_Kungalv",2000,"Temperate Northern Atlantic East",1980,1980,2004,112.246070192695,651.0158014,781322.840172318,6663042.57942602,-0.0721089572095158,0,-0.0721089572095158,538.769731207305,-0.348305633738229
"X259_Lysekil",2000,"Temperate Northern Atlantic East",1980,1980,2004,139.36543745815,145.3724605,761731.998630162,6706219.37780496,0.0182078780369213,0.0182078780369213,0,6.00702304184998,0.0594662778735585
"X259_Stenungsund",2000,"Temperate Northern Atlantic East",1980,1980,2004,312.436065615042,293.9051919,770271.711090472,6684096.44618754,0.018206118472516,0.018206118472516,0,0,0.0594583336078056
"X259_Stromstad",2000,"Temperate Northern Atlantic East",1980,1980,2004,141.446365045284,191.1963883,730770.797552167,6766804.74847443,0.00512605815666617,0.00512605815666617,0,49.750023254716,0.000403106700904323
"X259_Uddevalla",2000,"Temperate Northern Atlantic East",1980,1980,2004,154.970414242701,385.5530474,755573.735170077,6713429.58544498,-0.0252636917085356,0,-0.0252636917085356,230.582633157299,-0.136803720377619
"X260_Terminal.Flats",2000,"Tropical Atlantic",2001,2001,2003,179.6628721994,184.5,-9014250.92937233,3394916.97122882,0.00913987540480625,0.00913987540480625,0,4.8371278006,0.0185251094002738
"X264_Great.Bay.Estuary",2000,"Temperate Northern Atlantic West",1992,1992,2006,0,1000,-5834046.51524336,5121565.34514014,-0.0146281723571429,0,-0.0146281723571429,1000,-0.0887853631680462
"X265_Nakdong.River.Estuary",2000,"Temperate North Pacific",1985,1985,2005,0,1360,11413262.1380931,4228609.64412189,-0.18604679355,0,-0.18604679355,1360,-0.862724116213821
"X284_Yaquina.Estuary",2000,"Temperate North Pacific",1998,1998,2007,0,140.7,-10059518.1359813,5298186.46056668,0.0235442228888888,0.0235442228888888,0,140.7,0.0835593667796199
"X286_Chausey.Archipelago",2000,"Temperate Northern Atlantic East",1924,1953,2002,226.817084771945,763,-140656.91545863,5756036.22259655,0.018219303516614,0.018219303516614,0,536.182915228055,0.0595178628264929
"X288a_Cartagena.Bay",2000,"Tropical Atlantic",1940,1954,2001,145.930187059873,1011,-7495720.46791396,1272457.02747869,0.00791711725401913,0.00791711725401913,0,865.069812940127,0.0130044727745011
"X290_Nothfrisian.Wadden.Sea",2000,"Temperate Northern Atlantic East",1978,1978,2006,5312.66003502404,10051.76471,745692.182165472,6460999.86057213,0.0181856599306137,0.0181856599306137,0,4739.10467497596,0.0593659652390787
"X306_Maryland.Coastal.Bays",2000,"Temperate Northern Atlantic West",1986,1986,2004,3939.81230278921,4812.5,-6493808.395113,4584938.84362465,0.0210230052391874,0.0210230052391874,0,872.68769721079,0.0721763091491913
"X307_Figuerolles",2000,"Mediterranean",1944,1998,2004,0.002595974102597,22.43,412584.317625371,5158805.5762616,0.562739800073141,0.562739800073141,0,22.4274040258974,2.51797605820944
"X307_Martigues",2000,"Mediterranean",1944,1992,2004,0.057975465004671,13.59,414007.914670833,5158547.06885825,-0.152609927980806,0,-0.152609927980806,13.5320245349953,-0.711759851863178
"X307_Pointe.de.Berre",2000,"Mediterranean",1944,1992,2004,1.04701482648909,84.17,420309.487545974,5157402.7821051,-0.0673467536019376,0,-0.0673467536019376,83.1229851735109,-0.326804737883673
"X307_Pointe.de.l.Arc",2000,"Mediterranean",1992,1992,2004,0.113934597964579,6.32,416102.088827073,5158166.79304565,0.180947527039772,0.180947527039772,0,6.20606540203542,0.794220297850599
"X31_Swartkops",2000,"Southern Ocean",1939,1957,2012,137.745368642385,44.7,2286215.20483081,-4097049.06338833,-0.0827423690664046,0,-0.0827423690664046,0,-0.396314475810782
"X312_Central.Sector",2000,"Mediterranean",1986,1986,2001,79.7224374503096,86.3,756018.93632403,5254076.98069403,0.0118247431253748,0.0118247431253748,0,6.5775625496904,0.0306470315187109
"X312_Northern.Sector",2000,"Mediterranean",1986,1986,2001,122.626810552209,201.1,752186.889349933,5256077.4339695,0.0118558215252246,0.0118558215252246,0,78.473189447791,0.0307873475349
"X312_Southern.Sector",2000,"Mediterranean",1986,1986,2001,121.722543822142,120.5,759127.136923641,5252454.39879136,0.0117143638283813,0.0117143638283813,0,0,0.0301486795025603
"X313_Lake.Nakaumi",2000,"Temperate North Pacific",1955,1955,2002,0.157856384132551,1600,11752037.5513573,4283575.97214995,2.00733010714563,0.664637705380747,0,1599.84214361587,9.04016374784116
"X320_North.Haven",2000,"Temperate Northern Atlantic East",1982,1982,2004,0.745308846629161,0.7652,-392350.095526046,6054221.97219774,0.0182369123271934,0.0182369123271934,0,0.019891153370839,0.0595973649296343
"X323_Central.Area",2000,"Mediterranean",1959,1959,2005,933.567297887961,3255.079007,1104735.62725294,4926347.35643984,0.00239618528808484,0.00239618528808484,0,2321.51170911204,-0.0119220093756411
"X323_Eastern.Area",2000,"Mediterranean",1959,1959,2005,1350.68968494262,2359.813084,1118334.85437385,4924789.87017506,0.0129373399097449,0.0129373399097449,0,1009.12339905738,0.0356703000641355
"X323_Western.Area",2000,"Mediterranean",1959,1959,2005,1321.38325551231,1663.366337,1099218.28539061,4925704.99457566,0.0129347944677951,0.0129347944677951,0,341.98308148769,0.0356588076360966
"X327_Vieques",2000,"Tropical Atlantic",1937,1959,2000,67.4387742971186,84.7398844,-6353472.96741327,2227526.30468227,0.00934640583200796,0.00934640583200796,0,17.3011101028814,0.0194575746142757
"X328_Tampa.Bay",2000,"Tropical Atlantic",1950,1982,2004,11273.3701902974,16457.14286,-7694049.83561424,3382627.32943497,0.00911085640549682,0.00911085640549682,0,5183.7726697026,0.0183940913814385
"X36_Kees.Bayou",2000,"Tropical Atlantic",2004,2004,2012,1.40042402014732,1.5618,-8003158.58209715,3676998.59814869,0.0112157583155321,0.0112157583155321,0,0.16137597985268,0.0278975230868164
"X36_State.Park",2000,"Tropical Atlantic",2004,2004,2012,0.201804014227761,0.75192,-7997356.18463438,3677775.23317001,0.140683420731533,0.140683420731533,0,0.550115985772239,0.612431691619531
"X363_Leyte...Samar",2000,"Tropical Indo Pacific",2000,2000,2014,231.592644038025,421,12387969.8899081,1381575.99737195,-0.00155762215435392,0,-0.00155762215435392,189.407355961975,-0.0297730735161083
"X37_All.Lake.Macquarie",2000,"Southern Ocean",1953,1953,2009,1688.99466330151,2548,13619034.3162458,-4006631.33726049,-0.00485635924492129,0,-0.00485635924492129,859.00533669849,-0.0446665573904608
"X37_Tuggerah.Lakes",2000,"Southern Ocean",1985,1985,2009,0,1911,13590206.3487128,-4030458.05106964,-0.00374599929166667,0,-0.00374599929166667,1911,-0.0396533879245426
"X38_Cam.Ranh.Bay",2000,"Tropical Indo Pacific",1996,1996,2015,240.562442263769,261.3,10799823.0070149,1468177.54868367,-0.00155442489531617,0,-0.00155442489531617,20.737557736231,-0.0297586381959802
"X41_North.control",2000,"Tropical Atlantic",2006,2006,2013,0.553070417720558,0.7823,-8075276.66361159,3686947.00602203,-0.084471917778304,0,-0.084471917778304,0.229229582279442,-0.404123223565866
"X41_Pairs.1...2",2000,"Tropical Atlantic",2006,2006,2013,0.465086200493007,1.3998,-8076395.79055753,3687138.50465549,0.141591332402397,0.141591332402397,0,0.934713799506993,0.616530826366587
"X41_Pairs.3...4",2000,"Tropical Atlantic",2006,2006,2013,0.794704459172567,5.0662,-8075766.02471538,3687030.7427089,0.151898069884608,0.151898069884608,0,4.27149554082743,0.663064764741801
"X41_South.control",2000,"Tropical Atlantic",2006,2006,2013,0.410790410850764,0.9001,-8076559.27321269,3687166.47887697,-0.0410509218663052,0,-0.0410509218663052,0.489309589149236,-0.20808156135736
"X47_Straits.of.Johor",2000,"Tropical Indo Pacific",1989,1989,2014,2153.63595709933,3334.05,10370451.6928469,154561.275940096,-0.0015546003084599,0,-0.0015546003084599,1180.41404290067,-0.0297594301696222
"X6_Area.A",2000,"Temperate Northern Atlantic East",1984,1984,2015,1.36344665867835,23.13917239,-308384.232394553,5170259.49360647,0.204618766337167,0.204618766337167,0,21.7757257313216,0.901093689419084
"X6_Area.B",2000,"Temperate Northern Atlantic East",1984,1984,2015,4.41740921484231,21,-309152.931750039,5171218.78017669,0.0672823971630245,0.0672823971630245,0,16.5825907851577,0.281033059093007
"X6_Area.C",2000,"Temperate Northern Atlantic East",1984,1984,2015,12.2590523207827,66.62650602,-310875.764432099,5170297.17567906,0.107933104345382,0.107933104345382,0,54.3674536992173,0.464567131460483
"X6_Area.D",2000,"Temperate Northern Atlantic East",1984,1984,2003,16.8299998359787,20.43478261,-313336.286102818,5169843.24632684,0.0181951258844045,0.0181951258844045,0,3.6047827740213,0.0594087031191425
"X62_Paka..Terengganu..lagoon",2000,"Tropical Indo Pacific",1988,1988,2014,38.5954523611158,52.0617626,10199202.9651252,767917.40330758,-0.00156438398411861,0,-0.00156438398411861,13.4663102388842,-0.0298036025336677
"X62_Pengkalan.Nangka..Kelantan..lagoon",2000,"Tropical Indo Pacific",1998,1998,2014,26.0025553635595,37.37272883,10345310.5154229,574706.755195487,-0.00156353535913418,0,-0.00156353535913418,11.3701734664405,-0.0297997710726649
"X62_Punang.Sari.estuary..Lawas.",2000,"Tropical Indo Pacific",2000,1998,2014,47.2644407518462,269.9560967,11501771.4747097,641706.750307682,0.0446310972702905,0.0446310972702905,0,222.691655948154,0.178764596822941
"X65_Patch.1...McCormacks.Beach",2000,"Temperate Northern Atlantic West",2008,2008,2010,0,0.001059501,-5149313.3834043,5295103.91105332,0.4702186935,0.4702186935,0,0.001059501,2.10025207143748
"X65_Patch.2...McCormacks.Beach",2000,"Temperate Northern Atlantic West",2008,2008,2010,0,0.000582,-5149313.3834043,5295103.91105332,0.3446363075,0.3446363075,0,0.000582,1.53325955598606
"X65_Patch.3...McCormacks.Beach",2000,"Temperate Northern Atlantic West",2008,2008,2010,0,0.003384428,-5149313.3834043,5295103.91105332,0.117303865,0.117303865,0,0.003384428,0.506875223578235
"X65_Patch.4...McCormacks.Beach",2000,"Temperate Northern Atlantic West",2008,2008,2010,0,0.000185,-5149313.3834043,5295103.91105332,0,0,0,0.000185,-0.0227405577983388
"X66_Yaquina.Estuary",2000,"Temperate North Pacific",1997,1997,2007,117.639182749247,145.2158712,-10059190.5710648,5298576.6303497,-0.0170546406058462,0,-0.0170546406058462,27.576688450753,-0.0997406362745414
"X67_Albania",2000,"Mediterranean",2007,2007,2008,0,5710,1628841.27182204,4888853.50656121,-0.158432649,0,-0.158432649,5710,-0.738048882853915
"X67_Spain",2000,"Mediterranean",1993,1993,2011,0,222254,-44775.7912689968,4580240.35034788,-0.0128863349999999,0,-0.0128863349999999,222254,-0.0809211333497517
"X71_Cairns.Harbour",2000,"Tropical Indo Pacific",2001,2001,2012,695.004146096364,1486.812825,14221830.4219756,-2074122.76926275,-0.0729723768400727,0,-0.0729723768400727,791.808678903636,-0.352203891159613
"X74_Jangheung.Bay",2000,"Temperate North Pacific",1990,1990,2012,469.234486841153,634.9808429,11286399.0764426,4157715.18032293,-0.0191996037958421,0,-0.0191996037958421,165.746356058847,-0.109424940844503
"X8_Roviana.Lagoon",2000,"Tropical Indo Pacific",2006,2006,2014,232.086139142637,257.5,15651119.7591468,-1025344.7515552,-0.00195113192083352,0,-0.00195113192083352,25.413860857363,-0.0315497326436947
"X83_Northern.Deception.Bay",2000,"Southern Ocean",2008,2008,2012,189.626747460859,225.8,14283048.238963,-3300606.82083398,-0.0048640388334518,0,-0.0048640388334518,36.173252539141,-0.0447012300014634
"X87_Tampa.Bay",2000,"Tropical Atlantic",1950,1982,2012,11507.8551443839,16350.27574,-7694034.37448491,3382852.66391859,0.010228047093853,0.010228047093853,0,4842.4205956161,0.0234381009659512
"X89_Izembek.Lagon",2000,"Temperate North Pacific",1978,1978,2002,16060.7495683748,16816,-11467159.212521,6420535.95605009,-0.0176094930892274,0,-0.0176094930892274,755.2504316252,-0.102245742406677
"X96_Lagoon",2000,"Tropical Indo Pacific",1959,1959,2003,32.9920858751654,39.52,14242886.9009066,-2060887.43371549,0.0519664957495439,0.0519664957495439,0,6.5279141248346,0.211883222516121
"X96_Reef.Flat",2000,"Tropical Indo Pacific",1992,1992,2003,113.363998330488,112.1,14242886.9009066,-2060887.43371549,-0.00110259232557141,0,-0.00110259232557141,0,-0.0277186571648628
